title,year,director,genre,rating,watch_date,runtime,country,cast
The Fantastic 4: First Steps,2025,Matt Shakman,"Science Fiction, Adventure, Action",2.0,2025-11-08,115,United States of America,"['Pedro Pascal', 'Vanessa Kirby', 'Joseph Quinn']"
Cha Cha Real Smooth,2022,Cooper Raiff,"Comedy, Drama, Romance",4.0,2025-11-05,108,United States of America,"['Dakota Johnson', 'Leslie Mann', 'Tommy Lafitte']"
Metro... In Dino,2025,Anurag Basu,"Drama, Romance, Comedy",2.0,2025-11-02,159,India,"['Fatima Sana Shaikh', 'Konkona Sen Sharma', 'Papon']"
The Proposal,2009,Anne Fletcher,"Comedy, Romance, Drama",2.0,2025-11-02,108,United States of America,"['Sandra Bullock', 'Ryan Reynolds', 'Malin Åkerman']"
Blended,2014,Frank Coraci,"Comedy, Romance",2.5,2025-11-02,117,United States of America,"['Jackie Sandler', 'Adam Sandler', 'Drew Barrymore']"
Click,2006,Frank Coraci,"Comedy, Drama, Fantasy",2.0,2025-10-24,107,United States of America,"['Kate Beckinsale', 'Cameron Monaghan', 'Christopher Walken']"
Annayum Rasoolum,2013,Rajeev Ravi,"Drama, Romance",4.0,2025-10-24,167,India,"['Soubin Shahir', 'Fahadh Faasil', 'Muthumani Somasundaran']"
Murder Mystery,2019,Kyle Newacheck,"Action, Comedy, Mystery",3.5,2025-10-24,97,United States of America,"['Jackie Sandler', 'Jennifer Aniston', 'Adam Sandler']"
Through the Olive Trees,1994,Abbas Kiarostami,"Drama, Romance",3.0,2025-10-22,104,Iran,"['Jafar Panahi', 'Abbas Kiarostami', 'Mohammadali Keshavarz']"
Harold & Kumar Go to White Castle,2004,Danny Leiner,"Comedy, Adventure",3.0,2025-10-20,88,United States of America,"['Ryan Reynolds', 'Malin Åkerman', 'Ethan Embry']"
Turtles All the Way Down,2024,Hannah Marks,"Drama, Romance",2.0,2025-10-20,111,United States of America,"['Isabela Merced', 'Miles Ekhardt', 'Debby Ryan']"
Harold & Kumar Escape from Guantanamo Bay,2008,Hayden Schlossberg,"Comedy, Adventure",3.0,2025-10-20,101,United States of America,"['Eric Winter', 'Missi Pyle', 'David Krumholtz']"
Final Destination Bloodlines,2025,Zach Lipovsky,"Horror, Mystery",3.0,2025-10-16,110,United States of America,"['Rya Kihlstedt', 'Richard Harmon', 'Tony Todd']"
Come and See,1985,Elem Klimov,"Drama, War",4.0,2025-10-15,142,Soviet Union,"['Aleksei Kravchenko', 'Olga Mironova', 'Aleksandra Ravenskikh']"
Ratatouille,2007,Brad Bird,"Animation, Comedy, Family, Fantasy",4.0,2025-09-30,111,United States of America,"['James Remar', 'Ian Holm', 'Brian Dennehy']"
Farha,2021,Darin J. Sallam,"Drama, History, War",4.0,2025-09-29,92,Jordan,"['Ashraf Barhom', 'Ali Suliman', 'Tala Gammoh']"
Happy Gilmore 2,2025,Kyle Newacheck,Comedy,2.0,2025-09-29,120,United States of America,"['Margaret Qualley', 'Jackie Sandler', 'Ben Stiller']"
Happy Gilmore,1996,Dennis Dugan,Comedy,3.0,2025-09-29,92,United States of America,"['Ben Stiller', 'Julie Bowen', 'Adam Sandler']"
Prom Pact,2023,Anya Adams,"Romance, Comedy",2.0,2025-09-29,98,United States of America,"['Wendi McLendon-Covey', 'Milo Manheim', 'Christopher Shyer']"
22 Jump Street,2014,Phil Lord,"Crime, Comedy, Action",2.5,2025-09-24,112,United States of America,"['Steve Terada', 'Channing Tatum', 'Peter Stormare']"
Ichi the Killer,2001,Takashi Miike,"Action, Crime, Horror",3.5,2025-09-23,129,Japan,"['Yuki Kazamatsuri', 'Shinya Tsukamoto', 'Houka Kinoshita']"
Grown Ups,2010,Dennis Dugan,Comedy,3.0,2025-09-23,102,United States of America,"['Jamie Chung', 'Maria Bello', 'Jackie Sandler']"
Postman Blues,1997,SABU,"Crime, Drama, Comedy",3.5,2025-09-21,110,Japan,"['Sei Hiraizumi', 'Keisuke Horibe', 'Akaji Maro']"
Still Walking,2008,Hirokazu Kore-eda,"Drama, Family",4.0,2025-09-20,114,Japan,"['Hiroshi Abe', 'Yoshio Harada', 'Kazuya Takahashi']"
The Conjuring: Last Rites,2025,Michael Chaves,Horror,2.0,2025-09-16,136,United States of America,"['Vera Farmiga', 'Patrick Wilson', 'Mia Tomlinson']"
Weapons,2025,Zach Cregger,"Horror, Mystery",3.0,2025-09-15,129,United States of America,"['Julia Garner', 'Benedict Wong', 'Amy Madigan']"
Born in Gaza,2014,Hernán Zin,Documentary,4.0,2025-09-15,69,Spain,[]
Mirrored Mind,2005,Gakuryu Ishii,Drama,3.5,2025-09-14,61,Japan,"['Miwako Ichikawa', 'Kiyohiko Shibukawa', 'Kou Machida']"
How to Make Millions Before Grandma Dies,2024,Pat Boonnitipat,Drama,5.0,2025-09-05,126,Thailand,"['Pongsatorn Jongwilas', 'Sanya Kunakorn', 'Sarinrat Thomas']"
A Minecraft Movie,2025,Jared Hess,"Family, Fantasy, Comedy, Adventure, Action",2.0,2025-09-04,101,Sweden,"['Emma Myers', 'Jason Momoa', 'Jack Black']"
Your Name.,2016,Makoto Shinkai,"Animation, Romance, Drama",4.0,2025-09-04,106,Japan,"['Aoi Yuuki', 'Kana Hanazawa', 'Sayaka Ohara']"
Just Go with It,2011,Dennis Dugan,"Comedy, Romance",3.0,2025-08-31,117,United States of America,"['Nicole Kidman', 'Jackie Sandler', 'Jennifer Aniston']"
"Sorry, Baby",2025,Eva Victor,"Drama, Comedy",5.0,2025-08-30,103,United States of America,"['John Carroll Lynch', 'Kelly McCormack', 'Naomi Ackie']"
Superman,2025,James Gunn,"Science Fiction, Adventure, Action",3.0,2025-08-30,130,United States of America,"['Isabela Merced', 'Nicholas Hoult', 'Milly Alcock']"
F1,2025,Joseph Kosinski,"Action, Drama",4.0,2025-08-28,156,United States of America,"['Brad Pitt', 'Javier Bardem', 'Kerry Condon']"
In the Mood for Love,2000,Wong Kar-Wai,"Drama, Romance",5.0,2025-08-27,98,Hong Kong,"['Tony Leung Chiu-wai', 'Maggie Cheung', 'Mama Hung']"
Mickey 17,2025,Bong Joon Ho,"Science Fiction, Comedy, Adventure",3.5,2025-08-17,137,United States of America,"['Robert Pattinson', 'Mark Ruffalo', 'Toni Collette']"
Dune,2021,Denis Villeneuve,"Science Fiction, Adventure",4.5,2025-08-10,155,United States of America,"['Rebecca Ferguson', 'Oscar Isaac', 'Jason Momoa']"
Arrival,2016,Denis Villeneuve,"Drama, Science Fiction, Mystery",5.0,2025-08-10,116,United States of America,"['Amy Adams', 'Jeremy Renner', 'Forest Whitaker']"
A Ghost Story,2017,David Lowery,"Drama, Fantasy, Mystery, Romance",4.0,2025-08-08,93,United States of America,"['Casey Affleck', 'Rooney Mara', 'Liz Cardenas']"
The Other Way,2018,Imtiaz Ali,,2.5,2025-08-05,14,India,"['Shreya Chaudhary', 'Meenal Sahu', 'Pavail Gulati']"
Materialists,2025,Celine Song,"Romance, Drama",2.0,2025-08-04,116,United States of America,"['Pedro Pascal', 'Dakota Johnson', 'Chris Evans']"
Certified Copy,2010,Abbas Kiarostami,"Drama, Romance",3.5,2025-08-03,106,France,"['Juliette Binoche', 'William Shimell', 'Jean-Claude Carrière']"
Taste of Cherry,1997,Abbas Kiarostami,Drama,5.0,2025-08-01,99,Iran,"['Homayoun Ershadi', 'Elham Imani', 'Ahmad Ansari']"
The Man Who Sleeps,1974,Bernard Queysanne,Drama,4.5,2025-07-31,77,France,"['Jacques Spiesser', 'Ludmila Mikaël']"
Be with You,2018,Lee Jang-hoon,"Romance, Drama, Fantasy",3.5,2025-07-28,132,South Korea,"['Lee Jun-hyeok', 'Son Ye-jin', 'Kim Hyeon-soo']"
All About Lily Chou-Chou,2001,Shunji Iwai,"Drama, Crime",3.5,2025-07-06,146,Japan,"['Yu Aoi', 'Takao Osawa', 'Miwako Ichikawa']"
The Song of Sparrows,2008,Majid Majidi,Drama,3.0,2025-07-05,96,Iran,"['Reza Naji', 'Ponya Salehi', 'Hamid Aghazi']"
Children of Shatila,1998,Mai Masri,"Documentary, History",4.0,2025-07-03,50,Lebanon,[]
Criminal Justice - A Family Matter,2025,,,3.5,2025-07-03,0,,[]
The Brutalist,2024,Brady Corbet,"Drama, History",3.0,2025-07-01,215,United Kingdom,"['Felicity Jones', 'Adrien Brody', 'Guy Pearce']"
Captain America: Brave New World,2025,Julius Onah,"Action, Thriller, Science Fiction",1.5,2025-06-29,119,United States of America,"['Harrison Ford', 'Sebastian Stan', 'Anthony Mackie']"
The Recorder Exam,2011,Kim Bora,Drama,4.0,2025-06-29,27,South Korea,"['Jeong In-gi', 'Park Myung-shin', 'Cha Ah-reum']"
Decision to Leave,2022,Park Chan-wook,"Thriller, Mystery, Romance",4.5,2025-06-29,139,South Korea,"['Tang Wei', 'Jeong So-ri', 'Lee Yong-nyeo']"
Better Days,2019,Derek Tsang Kwok-Cheung,"Drama, Crime, Romance",4.0,2025-06-29,135,China,"['Yin Fang', 'Zhou Ye', 'Zhou Dongyu']"
House of Hummingbird,2018,Kim Bora,Drama,4.5,2025-06-28,135,South Korea,"['Park Ji-hu', 'Jeong In-gi', 'Park Soo-yeon']"
Gargi,2022,Gautham Ramachandran,"Drama, Thriller",3.5,2025-06-26,137,India,"['Sai Pallavi', 'Aishwarya Lekshmi', 'Saravanan']"
Tourist Family,2025,Abishan Jeevinth,"Comedy, Drama, Family",3.0,2025-06-21,128,India,"['Simran', 'Yogi Babu', 'M. Sasikumar']"
Taxi,2015,Kerstin Ahlrichs,"Romance, Comedy, Drama",3.0,2025-06-21,94,Germany,"['Peter Dinklage', 'Leslie Malton', 'Jannik Schümann']"
Before Sunset,2004,Richard Linklater,"Drama, Romance",3.0,2025-06-21,80,United States of America,"['Ethan Hawke', 'Julie Delpy', 'Mariane Plasteig']"
Before Sunrise,1995,Richard Linklater,"Drama, Romance",4.0,2025-06-21,101,Austria,"['Ethan Hawke', 'Julie Delpy', 'Adam Goldberg']"
Crimson Gold,2003,Jafar Panahi,"Drama, Crime, Thriller",4.5,2025-06-21,96,Iran,"['Mehran Rajabi', 'Ramin Rastad', 'Ehsan Amani']"
Criminal Justice: Adhura Sach,2022,,,3.5,2025-06-14,0,,[]
Criminal Justice: Behind Closed Doors,2020,,,3.0,2025-06-14,0,,[]
Room Taken,2023,TJ O'Grady-Peyton,Drama,3.0,2025-06-13,18,Ireland,"['Brid Brennan', 'Helen Norton', ""Jeff O'Toole""]"
Criminal Justice,2019,,,4.0,2025-06-08,0,,[]
The Witch: Part 1. The Subversion,2018,Park Hoon-jung,"Action, Mystery, Science Fiction",3.0,2025-06-08,125,Hong Kong,"['Kim Da-mi', 'Choi Woo-shik', 'Hyun Bong-sik']"
The Station Agent,2003,Tom McCarthy,"Drama, Comedy",4.0,2025-05-24,88,United States of America,"['Peter Dinklage', 'Bobby Cannavale', 'John Slattery']"
Mere Husband Ki Biwi,2025,Mudassar Aziz,Comedy,1.5,2025-05-24,142,India,"['Shakti Kapoor', 'Rakul Preet Singh', 'Anita Raj']"
Forgotten,2017,Todd Sheets,Horror,3.5,2025-05-20,9,United States of America,[]
The Long Goodbye,2020,Aneil Karia,Drama,2.0,2025-05-11,12,United Kingdom,"['Riz Ahmed', 'Ambreen Razia', 'Rish Shah']"
Train to Busan,2016,Yeon Sang-ho,"Horror, Thriller, Action, Adventure",3.0,2025-05-11,118,South Korea,"['Gong Yoo', 'Don Lee', 'Choi Woo-shik']"
Mehrooni,2014,Faraz Ali,Drama,3.5,2025-05-08,10,India,"['Sharib Hashmi', 'Kristine Zedek']"
The Girl Next Door,2004,Luke Greenfield,"Comedy, Romance",3.0,2025-05-08,110,Switzerland,"['Elisha Cuthbert', 'James Remar', 'Timothy Olyphant']"
Mustang,2015,Deniz Gamze Ergüven,Drama,4.0,2025-05-08,97,Turkey,"['Ilayda Akdoğan', 'Tuğba Sunguroğlu', 'Güneş Nezihe Şensoy']"
Afternoon Clouds,2017,Payal Kapadia,Drama,2.5,2025-05-03,13,India,"['Usha Naik', 'Trimala Adhikari', 'Cephas Subba']"
Superboys of Malegaon,2024,Reema Kagti,"Comedy, Drama",4.0,2025-05-03,130,India,"['Vineet Kumar Singh', 'Saqib Ayub', 'Adarsh Gourav']"
Premalu,2024,Girish A. D.,"Romance, Comedy",3.0,2025-05-02,155,India,"['Naslen', 'Mamitha Baiju', 'Sangeeth Prathap']"
Joe,2023,JM,Horror,2.0,2025-04-27,0,France,"['Yoen', 'JOE', 'Laouën']"
Blue Valentine,2010,Derek Cianfrance,"Drama, Romance",4.0,2025-04-27,112,United States of America,"['Ryan Gosling', 'Enid Graham', 'Michelle Williams']"
Hridayam,2022,Vineeth Sreenivasan,"Romance, Drama",3.0,2025-04-25,172,India,"['Kalyani Priyadarshan', 'Sangeeth Prathap', 'Vineeth Sreenivasan']"
Broker,2022,Hirokazu Kore-eda,"Drama, Comedy, Crime",4.0,2025-04-25,129,South Korea,"['IU', 'Lee Dong-hwi', 'Bek Hyun-jin']"
Trainwreck,2015,Judd Apatow,"Comedy, Romance",2.0,2025-04-16,125,United States of America,"['Daniel Radcliffe', 'Marisa Tomei', 'John Cena']"
The Wild Robot,2024,Chris Sanders,"Animation, Science Fiction, Family, Drama",3.5,2025-04-09,102,United States of America,"['Pedro Pascal', 'Bill Nighy', 'Mark Hamill']"
Little Fish,2020,Chad Hartigan,"Romance, Science Fiction, Drama",4.5,2025-04-09,101,Canada,"['Olivia Cooke', ""Jack O'Connell"", 'Chris Shields']"
The Life List,2025,Adam Brooks,"Romance, Comedy, Drama",1.5,2025-04-06,123,United States of America,"['Sofia Carson', 'Connie Britton', 'Jordi Mollà']"
20th Century Girl,2022,Bang Woo-ri,"Romance, Drama",4.0,2025-04-06,119,South Korea,"['Kim Yoo-jung', 'Byeon Woo-seok', 'Han Hyo-joo']"
I Wish,2011,Jia Zhangke,"Documentary, History",5.0,2025-04-06,125,China,"['Hou Hsiao-hsien', 'Lim Giong', 'Rebecca Pan']"
Adolescence,2025,,Documentary,4.0,2025-03-31,0,United Kingdom,[]
Happiness,1998,Todd Solondz,"Comedy, Drama",3.0,2025-03-29,140,United States of America,"['Jared Harris', 'Dylan Baker', 'Philip Seymour Hoffman']"
Fauve,2018,Jérémy Comte,Drama,4.0,2025-03-11,17,Canada,"['Louise Bombardier', 'Félix Grenier', 'Alexandre Perreault']"
The Hating Game,2021,Peter Hutchings,"Drama, Comedy, Romance",2.0,2025-03-03,102,United Kingdom,"['Lucy Hale', 'Austin Stowell', 'Corbin Bernsen']"
No Other Land,2024,Basel Adra,Documentary,4.0,2025-03-02,92,Norway,"['Basel Adra', 'Yuval Abraham', 'Nasser Adra']"
Flow,2024,,Animation,4.5,2025-03-01,8,South Korea,[]
The Mehta Boys,2024,Boman Irani,"Comedy, Drama, Family",4.0,2025-02-27,116,India,"['Boman Irani', 'Kapil Dev', 'Harssh A. Singh']"
Bata Boy and Crocs Girl,2025,Nirmal Pillai,"Romance, Comedy, Drama",3.5,2025-02-24,38,India,"['Abishek Kumar', 'Nirmal Pillai', 'Manoj Maani']"
Pride & Prejudice,2005,Joe Wright,"Drama, Romance",3.5,2025-02-23,127,France,"['Rosamund Pike', 'Kelly Reilly', 'Keira Knightley']"
Mrs.,2023,Rogelio A. González,"Comedy, Crime, Horror",2.5,2025-02-21,84,Mexico,"['Arturo de Córdova', 'Guillermo Orea', 'Angelines Fernández']"
I Want to Talk,2024,Shoojit Sircar,"Drama, Family",3.0,2025-02-02,123,India,"['Ritesh Shah', 'Abhishek Bachchan', 'Johny Lever']"
Nosferatu,2024,Robert Eggers,"Horror, Fantasy",4.0,2025-02-02,133,United States of America,"['Bill Skarsgård', 'Nicholas Hoult', 'Willem Dafoe']"
The Spectacular Now,2013,James Ponsoldt,"Comedy, Drama, Romance",4.0,2025-01-20,95,United States of America,"['Miles Teller', 'Mary Elizabeth Winstead', 'Jennifer Jason Leigh']"
Babygirl,2024,Halina Reijn,"Drama, Romance",3.0,2025-01-19,115,United States of America,"['Nicole Kidman', 'Antonio Banderas', 'Harris Dickinson']"
A Real Pain,2024,Jesse Eisenberg,"Comedy, Drama",4.0,2025-01-19,90,Poland,"['Jesse Eisenberg', 'Jennifer Grey', 'Will Sharpe']"
All We Imagine as Light,2024,Payal Kapadia,"Drama, Romance",4.0,2025-01-03,118,India,"['Chhaya Kadam', 'Kani Kusruti', 'Azees Nedumangad']"
Monsoon Wedding,2001,Mira Nair,"Comedy, Drama, Romance",4.0,2024-12-29,114,France,"['Shefali Shah', 'Pankaj Jha', 'Vasundhara Das']"
Dìdi (弟弟),2024,Sean Wang,"Comedy, Drama",4.0,2024-12-29,94,United States of America,"['Joan Chen', 'Stephanie Hsu', 'Spike Jonze']"
Sing Sing,2023,Greg Kwedar,Drama,5.0,2024-12-27,107,United States of America,"['Colman Domingo', 'Johnny Simmons', 'Paul Raci']"
Moana 2,2024,David G. Derrick Jr.,"Family, Comedy, Adventure, Animation, Fantasy",2.0,2024-12-23,100,Canada,"['Dwayne Johnson', 'Alan Tudyk', 'Jemaine Clement']"
Moana,2016,Ron Clements,"Adventure, Comedy, Family, Animation",2.5,2024-12-23,107,United States of America,"['Dwayne Johnson', 'Alan Tudyk', 'Jemaine Clement']"
Anora,2024,Sean Baker,"Drama, Comedy, Romance",3.0,2024-12-23,139,United States of America,"['Ivy Wolk', 'Darya Ekamasova', 'Mark Eydelshteyn']"
Gladiator II,2024,Ridley Scott,"Action, Adventure, Drama",3.0,2024-12-22,148,United States of America,"['Pedro Pascal', 'Joseph Quinn', 'Connie Nielsen']"
Hey! Sinamika,2022,Brinda,"Drama, Romance",1.5,2024-12-22,149,India,"['Yogi Babu', 'Dulquer Salmaan', 'Pradeep K Vijayan']"
After We Collided,2020,Roger Kumble,"Romance, Drama",1.0,2024-12-18,105,United States of America,"['Josephine Langford', 'Hero Fiennes Tiffin', 'Dylan Sprouse']"
Almost Friends,2016,Jake Goldberger,"Drama, Comedy",1.5,2024-12-18,105,United States of America,"['Freddie Highmore', 'Haley Joel Osment', 'Taylor John Smith']"
Girls Will Be Girls,2024,Shuchi Talati,"Drama, Romance",4.0,2024-12-18,119,France,"['Kani Kusruti', 'Jitin Gulati', 'Preeti Panigrahi']"
Dev.D,2009,Anurag Kashyap,"Comedy, Drama, Romance",3.5,2024-12-18,144,India,"['Binnu Dhillon', 'Nawazuddin Siddiqui', 'Mahie Gill']"
8 A.M. Metro,2023,Raj Rachakonda,Drama,5.0,2024-12-15,116,India,"['Saiyami Kher', 'Gulshan Devaiah', 'Kalpika Ganesh']"
Udaan,2010,Vikramaditya Motwane,Drama,4.5,2024-11-26,138,India,"['Ronit Roy', 'Ram Kapoor', 'Anand Tiwari']"
Taste of Cherry,1997,Abbas Kiarostami,Drama,5.0,2024-11-26,99,Iran,"['Homayoun Ershadi', 'Elham Imani', 'Ahmad Ansari']"
Superbad,2007,Greg Mottola,Comedy,4.0,2024-11-22,113,United States of America,"['Jenna Haze', 'Emma Stone', 'Dave Franco']"
My Old Ass,2024,Megan Park,"Comedy, Drama",3.0,2024-11-10,89,United States of America,"['Aubrey Plaza', 'Percy Hynes White', 'Maddie Ziegler']"
Khel Khel Mein,2024,Mudassar Aziz,"Comedy, Drama",2.0,2024-11-01,135,India,"['Akshay Kumar', 'Ananya Panday', 'Jimmy Shergill']"
Murder Mubarak,2024,Homi Adajania,"Comedy, Crime, Thriller",2.0,2024-10-31,142,India,"['Karisma Kapoor', 'Sara Ali Khan', 'Vijay Varma']"
The Substance,2024,Coralie Fargeat,"Drama, Horror, Science Fiction",4.0,2024-10-15,141,France,"['Margaret Qualley', 'Dennis Quaid', 'Demi Moore']"
Will & Harper,2024,Josh Greenbaum,"Documentary, Comedy",3.0,2024-10-12,114,United States of America,"['Kristen Wiig', 'Fred Armisen', 'Will Forte']"
Sir,2018,Rohena Gera,"Drama, Romance",4.0,2024-10-11,99,India,"['Rahul Vohra', 'Tillotama Shome', 'Anupriya Goenka']"
Love & Other Drugs,2010,Edward Zwick,"Drama, Comedy, Romance",3.0,2024-10-06,112,United States of America,"['Anne Hathaway', 'Katheryn Winnick', 'Jake Gyllenhaal']"
Joker: Folie à Deux,2024,Todd Phillips,"Drama, Crime, Thriller",2.0,2024-10-06,138,United States of America,"['Brendan Gleeson', 'Wayne Dehart', 'Joaquin Phoenix']"
Close,2022,Lukas Dhont,Drama,4.5,2024-10-05,104,Belgium,"['Léa Drucker', 'Kevin Janssens', 'Marc Weiss']"
Merry Christmas,2024,Sriram Raghavan,"Thriller, Drama",2.0,2024-09-23,143,India,"['Pratima Kazmi', 'Tinnu Anand', 'Rajesh']"
Titli,2014,Kanu Behl,"Drama, Action, Crime",3.5,2024-09-22,112,India,"['Amit Sial', 'Sumit Gulati', 'Shivani Raghuvanshi']"
Fireworks Wednesday,2006,Asghar Farhadi,Drama,4.0,2024-09-08,102,Iran,"['Taraneh Alidoosti', 'Hamid Farrokhnejad', 'Pantea Bahram']"
HIT: The First Case,2022,Sailesh Kolanu,"Crime, Mystery, Thriller, Drama",2.0,2024-09-07,136,India,"['Dalip Tahil', 'Sanjay Narvekar', 'Shilpa Shukla']"
It Ends with Us,2024,Justin Baldoni,"Drama, Romance",1.0,2024-09-01,131,United States of America,"['Brandon Sklenar', 'Blake Lively', 'Robyn Lively']"
Bridge to Terabithia,2007,Gábor Csupó,"Adventure, Drama, Family",4.0,2024-09-01,96,United States of America,"['Robert Patrick', 'Josh Hutcherson', 'Zooey Deschanel']"
50 First Dates,2004,Peter Segal,"Comedy, Romance",4.0,2024-08-28,99,United States of America,"['Katheryn Winnick', 'Jackie Sandler', 'Amy Hill']"
Baby Reindeer,2024,,,4.5,2024-08-26,0,,[]
The House Is Black,1963,Forugh Farrokhzad,Documentary,4.0,2024-08-25,21,Iran,"['Ebrahim Golestan', 'Forugh Farrokhzad', 'Hossein Mansouri']"
Stree 2,2024,Amar Kaushik,"Horror, Comedy",2.5,2024-08-19,143,India,"['Akshay Kumar', 'Varun Dhawan', 'Tamannaah Bhatia']"
Stree,2018,James Nunn,"Action, Drama",3.0,2024-08-19,90,United Kingdom,"['Scott Adkins', 'Forbes KB', 'Allistair McNab']"
The Wind Will Carry Us,1999,Abbas Kiarostami,Drama,3.5,2024-08-17,118,Iran,"['Bahman Ghobadi', 'Behzad Dorani', 'Roushan Karam Elmi']"
Aavesham,2024,Jithu Madhavan,"Comedy, Action",3.0,2024-08-05,158,India,"['Fahadh Faasil', 'Pooja Mohanraj', 'Mansoor Ali Khan']"
Bad Boys: Ride or Die,2024,Adil El Arbi,"Action, Comedy, Crime, Thriller, Adventure",3.0,2024-08-04,115,United States of America,"['Rhea Seehorn', 'Michael Bay', 'Will Smith']"
Deadpool & Wolverine,2024,Shawn Levy,"Action, Comedy, Science Fiction",3.5,2024-07-28,128,United States of America,"['Henry Cavill', 'Morena Baccarin', 'Matthew McConaughey']"
Tarot,2024,Spenser Cohen,Horror,1.0,2024-07-27,92,United States of America,"['Jacob Batalon', 'Humberly González', 'Anna Halberg']"
Bangalore Days,2014,Anjali Menon,"Drama, Family, Romance",4.0,2024-07-27,172,India,"['Dulquer Salmaan', 'Fahadh Faasil', 'Prathap Pothan']"
IF,2024,John Krasinski,"Comedy, Fantasy, Family",2.5,2024-07-26,104,United States of America,"['Emily Blunt', 'Matt Damon', 'Ryan Reynolds']"
A Taxi Driver,2017,Jang Hoon,"Action, Drama, History",4.5,2024-07-22,138,South Korea,"['Heo Jeong-do', 'Choi Gwi-hwa', 'Lee Bong-ryeon']"
Am I OK?,2022,Stephanie Allynne,"Comedy, Romance, Drama",3.5,2024-06-23,86,United States of America,"['Dakota Johnson', 'Sonoya Mizuno', 'Molly Gordon']"
Angrezi Medium,2020,Homi Adajania,"Drama, Comedy",2.5,2024-06-21,145,India,"['Kareena Kapoor Khan', 'Gino Picciano', 'Irrfan Khan']"
Hit Man,2023,Richard Linklater,"Comedy, Romance, Crime",4.0,2024-06-09,116,United States of America,"['Glen Powell', 'Adria Arjona', 'Molly Bernard']"
The Fall Guy,2024,David Leitch,"Action, Comedy, Romance",3.0,2024-06-08,127,United States of America,"['Emily Blunt', 'Hannah Waddingham', 'Jason Momoa']"
Suncoast,2024,Laura Chinn,"Drama, Comedy",3.0,2024-06-01,109,United States of America,"['Woody Harrelson', 'Nico Parker', 'Laura Linney']"
The Wedding Guest,2018,Michael Winterbottom,Thriller,3.0,2024-05-25,96,India,"['Dev Patel', 'Jim Sarbh', 'Radhika Apte']"
Highway,2014,Sudipto Chattopadhyay,"Drama, Romance",4.0,2024-05-19,110,India,"['Koel Mallick', 'Sabitri Chatterjee', 'Gaurav Chakrabarty']"
"Love, Rosie",2014,Christian Ditter,"Romance, Drama, Comedy",2.5,2024-05-18,102,United Kingdom,"['Sam Claflin', 'Lily Collins', 'Suki Waterhouse']"
Curry & Cyanide: The Jolly Joseph Case,2023,Christo Tomy,"Documentary, Crime",1.5,2024-05-16,95,India,"['Jolly Joseph', 'Rojo Thomas', 'M. S. Mathew']"
Kingdom of the Planet of the Apes,2024,Wes Ball,"Science Fiction, Adventure, Action",3.0,2024-05-13,145,United States of America,"['Freya Allan', 'William H. Macy', 'Dichen Lachman']"
War for the Planet of the Apes,2017,Matt Reeves,"Drama, Science Fiction, War",4.0,2024-05-12,140,United States of America,"['Woody Harrelson', 'Steve Zahn', 'Judy Greer']"
Dawn of the Planet of the Apes,2014,Matt Reeves,"Science Fiction, Action, Drama, Thriller",4.0,2024-05-12,130,United Kingdom,"['Gary Oldman', 'Jason Clarke', 'Judy Greer']"
Rise of the Planet of the Apes,2011,Rupert Wyatt,"Thriller, Action, Drama, Science Fiction",3.5,2024-05-12,105,United Kingdom,"['James Franco', 'John Lithgow', 'Andy Serkis']"
Memories of Murder,2003,Bong Joon Ho,"Crime, Drama, Thriller",5.0,2024-05-10,131,South Korea,"['Seo Young-hwa', 'Lee Dong-yong', 'Park Hae-il']"
The Idea of You,2024,Michael Showalter,"Romance, Drama, Comedy",3.0,2024-05-05,116,United States of America,"['Anne Hathaway', 'Nicholas Galitzine', 'Brent Bailey']"
Challengers,2024,Luca Guadagnino,"Drama, Romance",3.5,2024-05-05,132,Italy,"['Zendaya', 'Mike Faist', ""Josh O'Connor""]"
Laila Majnu,2018,Sajid Ali,"Drama, Romance",3.0,2024-04-29,139,India,"['Sahiba Bali', 'Triptii Dimri', 'Parmeet Sethi']"
Lost Ladies,2023,Kiran Rao,"Comedy, Drama, Romance",3.0,2024-04-28,123,India,"['Geeta Agrawal Sharma', 'Chhaya Kadam', 'Ravi Kishan']"
A Hero,2021,Osamu Kasai,"Adventure, Action, Animation, Science Fiction",4.0,2024-04-28,45,Japan,"['Kazuyuki Sogabe', 'Masako Nozawa', 'Miki Ito']"
Monkey Man,2024,Dev Patel,"Action, Thriller",3.0,2024-04-24,121,Canada,"['Vipin Sharma', 'Sharlto Copley', 'Dev Patel']"
The Big Sick,2017,Michael Showalter,"Comedy, Drama, Romance",3.5,2024-04-14,120,United States of America,"['Holly Hunter', 'Adeel Akhtar', 'Kuhoo Verma']"
Kung Fu Panda 4,2024,Mike Mitchell,"Animation, Family, Action, Comedy, Adventure, Fantasy",3.0,2024-04-14,94,United States of America,"['Jack Black', 'Ian McShane', 'Seth Rogen']"
Kung Fu Panda 3,2016,Jennifer Yuh Nelson,"Animation, Action, Adventure, Comedy, Family",3.0,2024-04-14,95,China,"['Jackie Chan', 'Angelina Jolie', 'Jack Black']"
Kung Fu Panda 2,2011,Jennifer Yuh Nelson,"Animation, Family, Comedy",3.5,2024-04-14,91,United States of America,"['Jackie Chan', 'Angelina Jolie', 'Gary Oldman']"
Kung Fu Panda,2008,Mark Osborne,"Animation, Family, Comedy, Action, Adventure",4.0,2024-04-14,90,United States of America,"['Jackie Chan', 'Angelina Jolie', 'Jack Black']"
The Break-Up,2006,Peyton Reed,"Romance, Comedy",2.0,2024-04-07,106,United States of America,"['Jason Bateman', 'Jennifer Aniston', 'Jon Favreau']"
How to Be Single,2016,Christian Ditter,"Comedy, Romance",2.0,2024-04-06,110,United States of America,"['Dakota Johnson', 'Leslie Mann', 'Jake Lacy']"
Nobody Knows,2004,Hirokazu Kore-eda,Drama,5.0,2024-03-31,141,Japan,"['Yuya Yagira', 'Yukiko Okamoto', 'Ayu Kitaura']"
Dune: Part Two,2024,Denis Villeneuve,"Science Fiction, Adventure",4.0,2024-03-25,167,United States of America,"['Rebecca Ferguson', 'Anya Taylor-Joy', 'Zendaya']"
The Color of Paradise,1999,Majid Majidi,"Family, Drama",3.5,2024-03-23,88,Iran,"['Hossein Mahjoub', 'Behzad Rafi', 'Kamal Mirkarimi']"
She's All That,1999,Robert Iscove,"Comedy, Romance",3.0,2024-03-23,95,United States of America,"['Paul Walker', 'Matthew Lillard', ""Jodi Lyn O'Keefe""]"
Mean Girls,2024,Mark Waters,"Drama, Comedy",0.5,2024-03-17,96,United States of America,"['Amanda Seyfried', 'Rachel McAdams', 'Lacey Chabert']"
Perfect Days,2023,Wim Wenders,Drama,5.0,2024-03-17,124,Germany,"['Tomokazu Miura', 'Hairi Katagiri', 'Tamae Ando']"
Poor Things,2023,Yorgos Lanthimos,"Science Fiction, Romance, Comedy",4.0,2024-03-13,141,Ireland,"['Emma Stone', 'Margaret Qualley', 'Willem Dafoe']"
The Zone of Interest,2023,Jonathan Glazer,"Drama, History, War",5.0,2024-02-26,105,Poland,"['Sandra Hüller', 'Lilli Falk', 'Leo Meier']"
Animal,2023,Sandeep Reddy Vanga,"Action, Crime, Drama",0.5,2024-02-25,201,India,"['Anil Kapoor', 'Shakti Kapoor', 'Mrinmayee Godbole']"
Puzzle,2018,Marc Turtletaub,Drama,5.0,2024-02-24,103,United States of America,"['Austin Abrams', 'Kelly Macdonald', 'David Denman']"
One Day,2024,Avet Oganesyan,Comedy,5.0,2024-02-18,84,Russia,"['Kamil Larin', 'Rostislav Khait', 'Aleksandr Demidov']"
Upgraded,2024,Carlson Young,"Romance, Comedy",2.0,2024-02-11,105,United Kingdom,"['Marisa Tomei', 'Lena Olin', 'Rachel Matthews']"
Captains of the World,2023,,,5.0,2024-02-10,0,,[]
Shoplifters,2018,Hirokazu Kore-eda,"Drama, Crime, Thriller",5.0,2024-02-04,120,Japan,"['Moemi Katayama', 'Kengo Kora', 'Miyu Sasaki']"
Ferrari,2023,Michael Mann,"History, Drama",2.5,2024-01-29,131,United States of America,"['Penélope Cruz', 'Shailene Woodley', 'Sarah Gadon']"
Aquaman and the Lost Kingdom,2023,James Wan,"Action, Adventure, Fantasy",2.0,2024-01-27,124,United States of America,"['Nicole Kidman', 'Jason Momoa', 'Dolph Lundgren']"
Anatomy of a Fall,2023,Justine Triet,"Thriller, Mystery, Crime",4.5,2024-01-24,151,France,"['Camille Rutherford', 'Sandra Hüller', 'Swann Arlaud']"
Monster,2023,Rako Prijanto,"Thriller, Horror",5.0,2024-01-22,84,Indonesia,"['Anantya Rezky Kirana', 'Sulthan Hamonangan', 'Marsha Timothy']"
Punch-Drunk Love,2002,Paul Thomas Anderson,"Romance, Drama, Comedy",3.0,2024-01-21,96,United States of America,"['Luis Guzmán', 'Emily Watson', 'Adam Sandler']"
Joyland,2022,Saim Sadiq,"Romance, Drama",5.0,2024-01-20,127,Pakistan,"['Sohail Sameer', 'Rasti Farooq', 'Sarwat Gilani']"
Forgetting Sarah Marshall,2008,Nicholas Stoller,"Comedy, Romance, Drama",3.0,2024-01-18,111,United States of America,"['Mila Kunis', 'Jason Bateman', 'Kristen Bell']"
The Marvels,2023,Nia DaCosta,"Science Fiction, Adventure, Action",2.0,2024-01-18,105,United States of America,"['Samuel L. Jackson', 'Hailee Steinfeld', 'Tessa Thompson']"
Runt,2020,William Coakley,Drama,2.0,2024-01-15,95,United States of America,"['Charlie Gillespie', 'Aramis Knight', 'Cameron Boyce']"
Hi Nanna,2023,Shouryuv,"Drama, Family, Romance",3.0,2024-01-15,155,India,"['Nani', 'Nassar', 'Mrunal Thakur']"
Anyone But You,2023,Will Gluck,"Romance, Comedy",1.5,2024-01-10,103,United States of America,"['Sydney Sweeney', 'Glen Powell', 'Dermot Mulroney']"
Three of Us,2022,Avinash Arun,Drama,5.0,2024-01-09,100,India,"['Shefali Shah', 'Jaideep Ahlawat', 'Avinash Arun']"
House of Secrets: The Burari Deaths,2021,,,3.0,2024-01-09,0,,[]
Saltburn,2023,Emerald Fennell,"Drama, Comedy, Thriller",2.5,2024-01-07,131,United Kingdom,"['Jacob Elordi', 'Rosamund Pike', 'Shaun Dooley']"
12th Fail,2023,Vidhu Vinod Chopra,Drama,3.5,2024-01-03,146,India,"['Geeta Agrawal Sharma', 'Vikrant Massey', 'Sam Mohan']"
Kho Gaye Hum Kahan,2023,Arjun Varain Singh,"Drama, Comedy",4.0,2023-12-27,135,India,"['Ananya Panday', 'Malaika Arora', 'Divya Jagdale']"
"Legally Blonde 2: Red, White & Blonde",2003,Charles Herman-Wurmfeld,"Comedy, Romance",2.0,2023-12-27,95,United States of America,"['Jennifer Coolidge', 'Sally Field', 'Reese Witherspoon']"
The Killer,2023,David Fincher,"Crime, Thriller",3.0,2023-12-26,118,United States of America,"['Tilda Swinton', 'Michael Fassbender', 'Sala Baker']"
Incendies,2010,Denis Villeneuve,"Drama, War, Mystery",4.5,2023-12-26,131,Canada,"['Lubna Azabal', 'Baya Belal', 'Abdelghafour Elaaziz']"
John Wick: Chapter 4,2023,Chad Stahelski,"Action, Thriller, Crime",3.0,2023-12-24,170,Germany,"['Keanu Reeves', 'Bill Skarsgård', 'Clancy Brown']"
Legally Blonde,2001,Robert Luketic,"Comedy, Romance",4.0,2023-12-20,96,United States of America,"['Ali Larter', 'Linda Cardellini', 'Jennifer Coolidge']"
Christmas As Usual,2023,Petter Holmsen,"Romance, Comedy, Drama",2.5,2023-12-20,89,Norway,"['Jonas Strand Gravli', 'Kanan Gill', 'Mads Sjøgård Pettersen']"
The Salesman,2016,Asghar Farhadi,"Drama, Thriller",4.5,2023-12-18,125,Iran,"['Shahab Hosseini', 'Mina Sadati', 'Taraneh Alidoosti']"
Priscilla,2023,Sofia Coppola,"Drama, Romance, Music",3.0,2023-12-16,113,Italy,"['Jacob Elordi', 'Cailee Spaeny', 'Deanna Jarvis']"
The Archies,2023,Zoya Akhtar,"Comedy, Drama, Music, Romance",0.5,2023-12-09,144,India,"['Mihir Ahuja', 'Alyy Khan', 'Khushi Kapoor']"
About Elly,2009,Asghar Farhadi,Drama,4.0,2023-11-29,119,Iran,"['Golshifteh Farahani', 'Shahab Hosseini', 'Merila Zarei']"
The Holdovers,2023,Alexander Payne,"Comedy, Drama",4.5,2023-11-28,133,United States of America,"['Michael Provost', 'Paul Giamatti', 'Carrie Preston']"
Beau Is Afraid,2023,Ari Aster,"Comedy, Adventure, Fantasy",3.0,2023-11-27,179,United States of America,"['Joaquin Phoenix', 'Parker Posey', 'Amy Ryan']"
Dream Scenario,2023,Kristoffer Borgli,"Comedy, Fantasy",3.0,2023-11-22,102,United States of America,"['Nicolas Cage', 'Noah Centineo', 'Michael Cera']"
Tale of the Three Jewels,1995,Michel Khleifi,Drama,4.0,2023-11-21,112,Belgium,"['Mohammad Bakri', 'Makram J. Khoury', 'Raida Adon']"
Foe,2023,Garth Davis,"Science Fiction, Drama",2.0,2023-11-17,111,Australia,"['Aaron Pierre', 'Saoirse Ronan', 'Paul Mescal']"
Falling for the Life of Alex Whelan,2023,Nell Hensey,Drama,3.0,2023-11-13,26,,"['Chris Walley', 'Lila Coleman']"
The Terminal,2004,Steven Spielberg,"Comedy, Drama",3.5,2023-11-05,128,United States of America,"['Tom Hanks', 'Zoe Saldaña', 'Catherine Zeta-Jones']"
"Are You There God? It's Me, Margaret.",2023,Kelly Fremon Craig,"Comedy, Drama",3.5,2023-11-01,106,United States of America,"['Rachel McAdams', 'Kathy Bates', 'Benny Safdie']"
Shithouse,2020,Cooper Raiff,"Comedy, Drama, Romance",4.0,2023-11-01,102,United States of America,"['Joy Sunday', 'Ayo Edebiri', 'Logan Miller']"
Detachment,2011,Tony Kaye,Drama,4.0,2023-10-29,98,United States of America,"['Lucy Liu', 'Christina Hendricks', 'Adrien Brody']"
The Other Zoey,2023,Sara Zandieh,"Romance, Drama, Comedy",2.0,2023-10-28,91,United States of America,"['Andie MacDowell', 'Josephine Langford', 'Drew Starkey']"
The Pianist,2002,Roman Polanski,"Drama, War",4.5,2023-10-22,150,France,"['Adrien Brody', 'Morgane Polanski', 'Richard Ridings']"
Dunkirk,2017,Christopher Nolan,"War, Action, Drama",4.5,2023-10-12,107,United Kingdom,"['Tom Hardy', 'Michael Caine', 'Cillian Murphy']"
You Are So Not Invited to My Bat Mitzvah,2023,Sammi Cohen,Comedy,1.5,2023-10-08,103,United States of America,"['Luis Guzmán', 'Jackie Sandler', 'Adam Sandler']"
Capernaum,2018,Nadine Labaki,Drama,4.0,2023-10-07,126,France,"['Nadine Labaki', 'Zain Al Rafeea', 'Alaa Chouchnieh']"
Puppy Love,2023,Richard Alan Reid,"Comedy, Romance",2.5,2023-10-07,106,United States of America,"['Lucy Hale', 'Jane Seymour', 'Grant Gustin']"
Happiest Season,2020,Clea DuVall,"Romance, Comedy",3.0,2023-10-05,102,United States of America,"['Aubrey Plaza', 'Kristen Stewart', 'Alison Brie']"
"Life, and Nothing More…",1992,Abbas Kiarostami,"Drama, Adventure",3.5,2023-10-01,95,Iran,"['Babek Ahmed Poor', 'Ferhendeh Feydi', 'Buba Bayour']"
Where Is the Friend's House?,1987,Abbas Kiarostami,"Drama, Family, Adventure",4.5,2023-09-28,83,Iran,"['Ahmed Ahmed Poor', 'Babek Ahmed Poor', 'Iran Outari']"
Children of Heaven,1997,Majid Majidi,"Drama, Family",4.5,2023-09-24,88,Iran,"['Reza Naji', 'Dariush Mokhtari', 'Behzad Rafi']"
Killa,2014,Avinash Arun,"Comedy, Drama",4.0,2023-09-22,107,India,"['Parth Bhalerao', 'Amruta Subhash', 'Umesh Jagtap']"
Bottoms,2023,Emma Seligman,Comedy,3.5,2023-09-22,91,United States of America,"['Nicholas Galitzine', 'Rachel Sennott', 'Wayne Pére']"
Turtles Can Fly,2004,Bahman Ghobadi,Drama,4.5,2023-09-21,98,Iran,"['Soran Ebrahim', 'Abdol Rahman Karim', 'Ajil Zibari']"
Love at First Sight,2023,Vanessa Caswill,"Romance, Drama",3.0,2023-09-19,91,United States of America,"['Haley Lu Richardson', 'Ben Hardy', 'Sally Phillips']"
Talk to Me,2022,Michael Philippou,Horror,3.5,2023-09-16,95,Australia,"['Miranda Otto', 'Zoe Terakes', 'Jodie Dry']"
Deep Water,2022,Adrian Lyne,"Drama, Mystery, Thriller",3.0,2023-09-13,116,United States of America,"['Jacob Elordi', 'Ana de Armas', 'Ben Affleck']"
Rocky Aur Rani Kii Prem Kahaani,2023,Karan Johar,"Comedy, Drama, Family, Romance",3.0,2023-09-12,179,India,"['Varun Dhawan', 'Shabana Azmi', 'Ananya Panday']"
Cake,2014,Daniel Barnz,Drama,2.5,2023-09-12,102,United States of America,"['Jennifer Aniston', 'Sam Worthington', 'William H. Macy']"
Taste of Cherry,1997,Abbas Kiarostami,Drama,4.0,2023-09-10,99,Iran,"['Homayoun Ershadi', 'Elham Imani', 'Ahmad Ansari']"
Past Lives,2023,Celine Song,"Drama, Romance",3.5,2023-09-03,106,United States of America,"['Greta Lee', 'John Magaro', 'Chase Sui Wonders']"
Hope,2013,Lee Joon-ik,Drama,5.0,2023-08-27,122,South Korea,"['Lee Re', 'Ahn Se-ha', 'Ra Mi-ran']"
Paterson,2016,Jim Jarmusch,"Drama, Comedy, Romance",3.0,2023-08-26,118,United States of America,"['Golshifteh Farahani', 'Sterling Jerins', 'Adam Driver']"
Close-Up,1990,Abbas Kiarostami,"Crime, Drama",4.5,2023-08-05,98,Iran,"['Abbas Kiarostami', 'Hossain Sabzian', 'Mohsen Makhmalbaf']"
Good Will Hunting,1997,Gus Van Sant,Drama,4.5,2023-08-04,127,United States of America,"['Matt Damon', 'Ben Affleck', 'Cole Hauser']"
Plus One,2019,Andrew Rhymer,"Comedy, Romance",3.0,2023-08-04,98,United States of America,"['Jack Quaid', 'Brianne Howey', 'Rosalind Chao']"
No Hard Feelings,2023,Gene Stupnitsky,"Comedy, Romance",2.5,2023-08-04,104,United States of America,"['Jennifer Lawrence', 'Ebon Moss-Bachrach', 'Matthew Broderick']"
The Nice Guys,2016,Shane Black,"Comedy, Crime, Action",3.0,2023-07-23,116,United States of America,"['Ryan Gosling', 'Robert Downey Jr.', 'Margaret Qualley']"
Barbie,2023,Greta Gerwig,"Comedy, Adventure",3.5,2023-07-23,114,United Kingdom,"['Margot Robbie', 'Ryan Gosling', 'Helen Mirren']"
Oppenheimer,2023,Christopher Nolan,"Drama, History",4.5,2023-07-22,181,United Kingdom,"['Emily Blunt', 'Matt Damon', 'Gary Oldman']"
Asteroid City,2023,Wes Anderson,"Comedy, Drama",4.0,2023-07-22,105,United States of America,"['Scarlett Johansson', 'Truman Hanks', 'Tom Hanks']"
Us and Them,2018,René Liu,"Drama, Romance",5.0,2023-07-16,120,China,"['Jing Boran', 'Zhou Dongyu', 'Qu Zheming']"
Inside Llewyn Davis,2013,Ethan Coen,"Drama, Music",3.0,2023-07-09,104,France,"['Oscar Isaac', 'John Goodman', 'Garrett Hedlund']"
Chungking Express,1994,Wong Kar-Wai,"Drama, Comedy, Romance",4.5,2023-07-09,103,Hong Kong,"['Tony Leung Chiu-wai', 'Brigitte Lin', 'Joh Chung-Sing Rico']"
Spider-Man: Across the Spider-Verse,2023,Kemp Powers,"Animation, Action, Adventure, Science Fiction",5.0,2023-07-02,140,United States of America,"['Oscar Isaac', 'J.K. Simmons', 'Hailee Steinfeld']"
Cha Cha Real Smooth,2022,Cooper Raiff,"Comedy, Drama, Romance",4.0,2023-06-15,108,United States of America,"['Dakota Johnson', 'Leslie Mann', 'Tommy Lafitte']"
He's All That,2021,Mark Waters,"Comedy, Romance",2.5,2023-06-06,91,United States of America,"['Matthew Lillard', 'Madison Pettis', 'Tanner Buchanan']"
Creed III,2023,Michael B. Jordan,"Drama, Action",2.5,2023-06-01,116,United States of America,"['Michael B. Jordan', 'Tessa Thompson', 'Wood Harris']"
All Quiet on the Western Front,2022,Edward Berger,"War, History, Drama",4.0,2023-05-21,147,Germany,"['Felix Kammerer', 'Daniel Brühl', 'Sebastian Hülk']"
Little Italy,2018,Donald Petrie,"Comedy, Romance",2.5,2023-05-19,102,Canada,"['Emma Roberts', 'Hayden Christensen', 'Jane Seymour']"
Guardians of the Galaxy Vol. 2,2017,James Gunn,"Science Fiction, Adventure, Action",4.5,2023-05-19,137,United States of America,"['Vin Diesel', 'Sylvester Stallone', 'Jeff Goldblum']"
Guardians of the Galaxy,2014,James Gunn,"Action, Science Fiction, Adventure",4.0,2023-05-19,121,United States of America,"['Vin Diesel', 'Nathan Fillion', 'Chris Pratt']"
Chandigarh Kare Aashiqui,2021,Abhishek Kapoor,"Drama, Romance, Crime",2.5,2023-05-16,117,India,"['Ayushmann Khurrana', 'Kanwaljit Singh', 'Vaani Kapoor']"
Air,2023,Ben Affleck,"Drama, History",4.0,2023-05-14,111,United States of America,"['Matt Damon', 'Ben Affleck', 'Jason Bateman']"
Guardians of the Galaxy Vol. 3,2023,James Gunn,"Science Fiction, Adventure, Action, Comedy",5.0,2023-05-07,150,United States of America,"['Vin Diesel', 'Sylvester Stallone', 'Linda Cardellini']"
Ghosted,2023,Dexter Fletcher,"Action, Comedy, Romance",3.0,2023-04-30,117,United States of America,"['Ana de Armas', 'Chris Evans', 'Ryan Reynolds']"
Closer,2004,Mike Nichols,"Drama, Romance",3.5,2023-04-20,104,United Kingdom,"['Natalie Portman', 'Jude Law', 'Julia Roberts']"
Juno,2007,Jason Reitman,"Comedy, Drama, Romance",4.0,2023-04-16,96,United States of America,"['Jason Bateman', 'Elliot Page', 'J.K. Simmons']"
Ant-Man and the Wasp: Quantumania,2023,Peyton Reed,"Action, Adventure, Science Fiction",3.0,2023-04-16,125,United States of America,"['Kathryn Newton', 'Paul Rudd', 'Michelle Pfeiffer']"
Murder Mystery 2,2023,Jeremy Garelick,"Mystery, Comedy, Crime",3.5,2023-04-06,91,United States of America,"['Jennifer Aniston', 'Adam Sandler', 'Mélanie Laurent']"
A Man Called Otto,2022,Marc Forster,"Comedy, Drama",4.0,2023-04-02,126,Sweden,"['Truman Hanks', 'Tom Hanks', 'Manuel Garcia-Rulfo']"
John Wick: Chapter 3 – Parabellum,2019,Chad Stahelski,"Action, Thriller, Crime",3.0,2023-04-02,131,United States of America,"['Keanu Reeves', 'Halle Berry', 'Ian McShane']"
John Wick: Chapter 2,2017,Chad Stahelski,"Action, Thriller, Crime",3.0,2023-04-02,122,United States of America,"['Keanu Reeves', 'Peter Stormare', 'Ian McShane']"
John Wick,2014,Chad Stahelski,"Action, Thriller",3.5,2023-04-01,101,United States of America,"['Keanu Reeves', 'Willem Dafoe', 'Ian McShane']"
Women Talking,2022,Sarah Polley,Drama,4.0,2023-03-28,104,United States of America,"['Jessie Buckley', 'Ben Whishaw', 'Frances McDormand']"
A Separation,2011,Asghar Farhadi,Drama,5.0,2023-03-28,123,France,"['Shahab Hosseini', 'Leila Hatami', 'Sareh Bayat']"
Me Before You,2016,Thea Sharrock,"Drama, Romance",2.5,2023-03-25,110,United States of America,"['Vanessa Kirby', 'Charles Dance', 'Emilia Clarke']"
Me Before You,2016,Thea Sharrock,"Drama, Romance",,2023-03-25,110,United States of America,"['Vanessa Kirby', 'Charles Dance', 'Emilia Clarke']"
Babylon,2022,Damien Chazelle,"Drama, Comedy",3.0,2023-03-25,189,United States of America,"['Brad Pitt', 'Margot Robbie', 'Samara Weaving']"
Cocaine Bear,2023,Elizabeth Banks,"Thriller, Comedy, Crime",4.0,2023-03-19,95,United States of America,"['Keri Russell', 'Ray Liotta', 'Kristofer Hivju']"
Cocaine Bear,2023,Elizabeth Banks,"Thriller, Comedy, Crime",3.5,2023-03-19,95,United States of America,"['Keri Russell', 'Ray Liotta', 'Kristofer Hivju']"
Shazam! Fury of the Gods,2023,David F. Sandberg,"Comedy, Action, Fantasy",3.0,2023-03-18,130,United States of America,"['Adam Brody', 'Lucy Liu', 'Helen Mirren']"
Knock at the Cabin,2023,M. Night Shyamalan,"Horror, Mystery, Thriller",3.0,2023-03-14,100,United States of America,"['Dave Bautista', 'Rupert Grint', 'M. Night Shyamalan']"
Frances Ha,2012,Noah Baumbach,"Comedy, Drama",5.0,2023-03-13,86,Brazil,"['Justine Lupe', 'Grace Gummer', 'Greta Gerwig']"
Fresh,2022,Mimi Cave,"Horror, Thriller",2.5,2023-03-09,114,United States of America,"['Sebastian Stan', 'Daisy Edgar-Jones', 'Brett Dier']"
Gangubai Kathiawadi,2022,Sanjay Leela Bhansali,"Crime, Drama, History",3.0,2023-03-07,157,India,"['Ajay Devgn', 'Chhaya Kadam', 'Rahul Vohra']"
Darlings,2022,Jasmeet K Reen,"Comedy, Crime, Thriller",3.0,2023-03-07,134,India,"['Shefali Shah', 'Rajesh Sharma', 'Vijay Varma']"
English Vinglish,2012,Gauri Shinde,"Comedy, Drama, Family",4.0,2023-03-07,134,India,"['Adil Hussain', 'Ajith Kumar', 'Priya Anand']"
Top Gun: Maverick,2022,Joseph Kosinski,"Action, Drama",4.0,2023-03-06,131,United States of America,"['Tom Cruise', 'Jennifer Connelly', 'Glen Powell']"
Puss in Boots: The Last Wish,2022,Joel Crawford,"Animation, Adventure, Fantasy, Comedy, Family",4.0,2023-02-28,103,United States of America,"['Florence Pugh', 'Antonio Banderas', 'Olivia Colman']"
The Devil Wears Prada,2006,David Frankel,"Drama, Comedy",4.0,2023-02-28,109,United States of America,"['Emily Blunt', 'Anne Hathaway', 'Simon Baker']"
Mommy,2014,Xavier Dolan,Drama,5.0,2023-02-28,138,Canada,"['Pierre-François Bouffard', 'Robin-Joël Cool', 'Guillaume Laurin']"
Black Panther: Wakanda Forever,2022,Ryan Coogler,"Action, Adventure, Science Fiction",3.0,2023-02-28,162,United States of America,"['Martin Freeman', 'Michael B. Jordan', 'Lake Bell']"
The Whale,2022,Darren Aronofsky,Drama,3.0,2023-02-28,117,United States of America,"['Sadie Sink', 'Brendan Fraser', 'Ty Simpkins']"
The Edge of Seventeen,2016,Kelly Fremon Craig,"Comedy, Drama",4.0,2023-01-26,105,United States of America,"['Haley Lu Richardson', 'Woody Harrelson', 'Hailee Steinfeld']"
The Menu,2022,Mark Mylod,"Comedy, Horror, Thriller",3.0,2023-01-26,107,United States of America,"['Anya Taylor-Joy', 'Nicholas Hoult', 'Ralph Fiennes']"
Triangle of Sadness,2022,Ruben Östlund,"Comedy, Drama",3.0,2023-01-26,147,Denmark,"['Woody Harrelson', 'Harris Dickinson', 'Zlatko Burić']"
Zack and Miri Make a Porno,2008,Kevin Smith,"Comedy, Romance",2.0,2023-01-13,102,United States of America,"['Traci Lords', 'Katie Morgan', 'Seth Rogen']"
Ted 2,2015,Seth MacFarlane,"Comedy, Fantasy",3.0,2023-01-13,115,United States of America,"['Morgan Freeman', 'Mark Wahlberg', 'Liam Neeson']"
The Fabelmans,2022,Steven Spielberg,Drama,4.0,2023-01-13,151,United States of America,"['Seth Rogen', 'Julia Butters', 'Paul Dano']"
The Banshees of Inisherin,2022,Martin McDonagh,"Drama, Comedy",5.0,2023-01-11,114,United Kingdom,"['Colin Farrell', 'Brendan Gleeson', 'Kerry Condon']"
Aftersun,2022,Charlotte Wells,Drama,4.5,2023-01-11,101,United Kingdom,"['Paul Mescal', 'Sally Messham', 'Spike Fearn']"
Brahmāstra Part One: Shiva,2022,Ayan Mukerji,"Action, Adventure, Fantasy",1.5,2022-10-24,168,India,"['Shah Rukh Khan', 'Deepika Padukone', 'Alia Bhatt']"
Everything Everywhere All at Once,2022,Daniel Scheinert,"Action, Adventure, Science Fiction",5.0,2022-08-09,140,United States of America,"['Jamie Lee Curtis', 'Michelle Yeoh', 'Michiko Nishiwaki']"
